<?xml version="1.0" encoding="UTF-8"?>
<project-private xmlns="http://www.netbeans.org/ns/project-private/1">
    <editor-bookmarks xmlns="http://www.netbeans.org/ns/editor-bookmarks/2" lastBookmarkId="0"/>
    <open-files xmlns="http://www.netbeans.org/ns/projectui-open-files/2">
        <group>
            <file>file:/C:/Users/andre/OneDrive/Imágenes/Documentos/NetBeansProjects/Proyecto_LyA/src/Convertir/Pila.java</file>
            <file>file:/C:/Users/andre/OneDrive/Imágenes/Documentos/NetBeansProjects/Proyecto_LyA/src/Convertir/conversor.java</file>
            <file>file:/C:/Users/andre/OneDrive/Imágenes/Documentos/NetBeansProjects/Proyecto_LyA/src/Convertir/pantalla.java</file>
            <file>file:/C:/Users/andre/OneDrive/Imágenes/Documentos/NetBeansProjects/Proyecto_LyA/src/Letras_Invisibles/TextPrompt.java</file>
            <file>file:/C:/Users/andre/OneDrive/Imágenes/Documentos/NetBeansProjects/Proyecto_LyA/src/IMAGEN/logoitc.jpg</file>
        </group>
    </open-files>
</project-private>
