<?xml version="1.0" encoding="UTF-8"?>
<project-private xmlns="http://www.netbeans.org/ns/project-private/1">
    <editor-bookmarks xmlns="http://www.netbeans.org/ns/editor-bookmarks/2" lastBookmarkId="0"/>
    <open-files xmlns="http://www.netbeans.org/ns/projectui-open-files/2">
        <group>
            <file>file:/C:/Users/andre/Music/Proyecto_Lenguajes%20y%20Automatas%202/Proyecto_Lenguajes%20y%20Automatas%202/src/Convertir/conversor.java</file>
            <file>file:/C:/Users/andre/Music/Proyecto_Lenguajes%20y%20Automatas%202/Proyecto_Lenguajes%20y%20Automatas%202/src/Convertir/pantalla.java</file>
            <file>file:/C:/Users/andre/Music/Proyecto_Lenguajes%20y%20Automatas%202/Proyecto_Lenguajes%20y%20Automatas%202/src/Convertir/Pila.java</file>
            <file>file:/C:/Users/andre/Music/Proyecto_Lenguajes%20y%20Automatas%202/Proyecto_Lenguajes%20y%20Automatas%202/src/Letras_Invisibles/TextPrompt.java</file>
        </group>
    </open-files>
</project-private>
